"Time","TWTR.Open","TWTR.High","TWTR.Low","TWTR.Close","TWTR.Volume","TWTR.WAP","TWTR.hasGaps","TWTR.Count"
"2015-07-14 09:30:00",35.78,35.94,35.77,35.86,1703,35.79,0,139
"2015-07-14 09:30:30",35.85,35.89,35.85,35.86,141,35.867,0,21
"2015-07-14 09:31:00",35.86,35.92,35.85,35.85,266,35.866,0,94
"2015-07-14 09:31:30",35.86,35.86,35.83,35.85,160,35.851,0,54
"2015-07-14 09:32:00",35.85,35.88,35.83,35.86,124,35.854,0,58
"2015-07-14 09:32:30",35.86,35.86,35.84,35.84,129,35.847,0,35
"2015-07-14 09:33:00",35.85,35.97,35.84,35.94,320,35.91,0,180
"2015-07-14 09:33:30",35.93,36.06,35.93,36.04,1033,35.997,0,325
"2015-07-14 09:34:00",36.03,36.1,36.03,36.1,372,36.062,0,160
"2015-07-14 09:34:30",36.1,36.25,36.09,36.23,1440,36.173,0,409
"2015-07-14 09:35:00",36.22,36.23,36.16,36.17,567,36.196,0,186
"2015-07-14 09:35:30",36.17,36.35,36.09,36.34,1357,36.251,0,467
"2015-07-14 09:36:00",36.33,36.4,36.33,36.39,1047,36.365,0,338
"2015-07-14 09:36:30",36.39,36.4,36.34,36.39,468,36.367,0,210
"2015-07-14 09:37:00",36.39,36.42,36.38,36.41,415,36.4,0,186
"2015-07-14 09:37:30",36.41,36.42,36.36,36.41,542,36.385,0,174
"2015-07-14 09:38:00",36.42,36.44,36.3,36.31,856,36.406,0,356
"2015-07-14 09:38:30",36.3,36.36,36.27,36.27,530,36.324,0,196
"2015-07-14 09:39:00",36.27,36.34,36.26,36.31,320,36.29,0,105
"2015-07-14 09:39:30",36.3,36.32,36.24,36.28,553,36.295,0,199
"2015-07-14 09:40:00",36.29,36.32,36.28,36.31,270,36.292,0,57
"2015-07-14 09:40:30",36.31,36.31,36.22,36.28,291,36.274,0,112
"2015-07-14 09:41:00",36.29,36.3,36.18,36.23,515,36.249,0,171
"2015-07-14 09:41:30",36.23,36.3,36.2,36.23,277,36.251,0,135
"2015-07-14 09:42:00",36.23,36.33,36.22,36.33,184,36.29,0,98
"2015-07-14 09:42:30",36.31,36.36,36.31,36.35,246,36.344,0,100
"2015-07-14 09:43:00",36.34,36.4,36.34,36.38,453,36.377,0,133
"2015-07-14 09:43:30",36.37,36.39,36.29,36.31,492,36.349,0,219
"2015-07-14 09:44:00",36.3,36.34,36.3,36.3,745,36.313,0,361
"2015-07-14 09:44:30",36.3,36.35,36.3,36.32,197,36.325,0,88
"2015-07-14 09:45:00",36.34,36.36,36.33,36.35,124,36.34,0,67
"2015-07-14 09:45:30",36.36,36.41,36.35,36.38,826,36.392,0,204
"2015-07-14 09:46:00",36.38,36.39,36.31,36.33,197,36.349,0,128
"2015-07-14 09:46:30",36.33,36.36,36.32,36.36,213,36.332,0,97
"2015-07-14 09:47:00",36.35,36.35,36.32,36.33,83,36.326,0,52
"2015-07-14 09:47:30",36.33,36.37,36.32,36.35,320,36.351,0,113
"2015-07-14 09:48:00",36.35,36.39,36.34,36.35,927,36.374,0,336
"2015-07-14 09:48:30",36.35,36.41,36.34,36.37,823,36.389,0,410
"2015-07-14 09:49:00",36.37,36.38,36.32,36.35,181,36.335,0,93
"2015-07-14 09:49:30",36.34,36.48,36.34,36.48,864,36.425,0,297
"2015-07-14 09:50:00",36.47,36.53,36.47,36.47,1539,36.497,0,447
"2015-07-14 09:50:30",36.49,36.49,36.46,36.48,315,36.471,0,112
"2015-07-14 09:51:00",36.48,36.55,36.48,36.55,607,36.516,0,233
"2015-07-14 09:51:30",36.55,36.59,36.53,36.58,524,36.565,0,199
"2015-07-14 09:52:00",36.57,36.58,36.54,36.54,509,36.557,0,158
"2015-07-14 09:52:30",36.54,36.54,36.45,36.45,613,36.509,0,245
"2015-07-14 09:53:00",36.45,36.5,36.4,36.48,657,36.438,0,233
"2015-07-14 09:53:30",36.49,36.5,36.45,36.46,246,36.468,0,105
"2015-07-14 09:54:00",36.46,36.46,36.39,36.4,814,36.438,0,397
"2015-07-14 09:54:30",36.41,36.41,36.36,36.37,122,36.386,0,96
"2015-07-14 09:55:00",36.38,36.45,36.35,36.44,506,36.39,0,166
"2015-07-14 09:55:30",36.44,36.48,36.44,36.47,194,36.463,0,71
"2015-07-14 09:56:00",36.46,36.47,36.37,36.37,228,36.423,0,105
"2015-07-14 09:56:30",36.36,36.38,36.33,36.34,353,36.357,0,202
"2015-07-14 09:57:00",36.34,36.42,36.34,36.39,155,36.381,0,83
"2015-07-14 09:57:30",36.4,36.4,36.37,36.39,145,36.383,0,75
"2015-07-14 09:58:00",36.39,36.4,36.35,36.39,340,36.385,0,114
"2015-07-14 09:58:30",36.39,36.42,36.37,36.41,285,36.401,0,104
"2015-07-14 09:59:00",36.41,36.41,36.39,36.39,116,36.402,0,47
"2015-07-14 09:59:30",36.39,36.44,36.39,36.43,293,36.41,0,114
"2015-07-14 10:00:00",36.43,36.44,36.42,36.42,110,36.426,0,33
"2015-07-14 10:00:30",36.43,36.43,36.41,36.41,108,36.415,0,26
"2015-07-14 10:01:00",36.41,36.42,36.41,36.42,48,36.415,0,20
"2015-07-14 10:01:30",36.42,36.47,36.41,36.47,610,36.444,0,243
"2015-07-14 10:02:00",36.47,36.5,36.47,36.5,337,36.488,0,100
"2015-07-14 10:02:30",36.5,36.52,36.49,36.49,464,36.502,0,215
"2015-07-14 10:03:00",36.49,36.52,36.49,36.51,519,36.502,0,137
"2015-07-14 10:03:30",36.5,36.51,36.49,36.5,289,36.504,0,93
"2015-07-14 10:04:00",36.49,36.52,36.49,36.52,121,36.511,0,42
"2015-07-14 10:04:30",36.51,36.53,36.51,36.52,89,36.521,0,47
"2015-07-14 10:05:00",36.53,36.55,36.52,36.54,283,36.534,0,126
"2015-07-14 10:05:30",36.55,36.55,36.53,36.53,97,36.538,0,50
"2015-07-14 10:06:00",36.53,36.54,36.53,36.54,207,36.537,0,76
"2015-07-14 10:06:30",36.54,36.55,36.53,36.54,267,36.542,0,117
"2015-07-14 10:07:00",36.54,36.55,36.53,36.53,126,36.541,0,69
"2015-07-14 10:07:30",36.53,36.54,36.51,36.51,264,36.524,0,122
"2015-07-14 10:08:00",36.51,36.51,36.47,36.48,154,36.488,0,90
"2015-07-14 10:08:30",36.48,36.48,36.44,36.46,401,36.456,0,149
"2015-07-14 10:09:00",36.47,36.47,36.43,36.44,197,36.444,0,74
"2015-07-14 10:09:30",36.43,36.44,36.41,36.43,239,36.426,0,70
"2015-07-14 10:10:00",36.42,36.43,36.39,36.4,310,36.41,0,106
"2015-07-14 10:10:30",36.41,36.42,36.4,36.41,90,36.404,0,39
"2015-07-14 10:11:00",36.41,36.43,36.4,36.42,100,36.413,0,51
"2015-07-14 10:11:30",36.43,36.47,36.42,36.47,288,36.45,0,90
"2015-07-14 10:12:00",36.47,36.5,36.46,36.5,248,36.481,0,104
"2015-07-14 10:12:30",36.49,36.53,36.49,36.52,372,36.508,0,96
"2015-07-14 10:13:00",36.52,36.53,36.5,36.5,269,36.518,0,121
"2015-07-14 10:13:30",36.51,36.53,36.5,36.53,119,36.516,0,69
"2015-07-14 10:14:00",36.52,36.53,36.51,36.51,105,36.52,0,47
"2015-07-14 10:14:30",36.52,36.52,36.51,36.51,117,36.511,0,81
"2015-07-14 10:15:00",36.5,36.51,36.49,36.49,106,36.503,0,42
"2015-07-14 10:15:30",36.49,36.51,36.49,36.5,157,36.496,0,69
"2015-07-14 10:16:00",36.5,36.51,36.47,36.48,268,36.497,0,151
"2015-07-14 10:16:30",36.48,36.5,36.47,36.48,204,36.484,0,84
"2015-07-14 10:17:00",36.49,36.49,36.48,36.49,114,36.483,0,34
"2015-07-14 10:17:30",36.48,36.49,36.47,36.48,124,36.483,0,54
"2015-07-14 10:18:00",36.48,36.48,36.47,36.47,97,36.471,0,56
"2015-07-14 10:18:30",36.47,36.49,36.47,36.48,83,36.48,0,41
"2015-07-14 10:19:00",36.48,36.49,36.47,36.48,97,36.482,0,61
"2015-07-14 10:19:30",36.48,36.48,36.45,36.46,129,36.47,0,65
"2015-07-14 10:20:00",36.46,36.49,36.46,36.49,161,36.479,0,53
"2015-07-14 10:20:30",36.48,36.5,36.48,36.5,150,36.487,0,33
"2015-07-14 10:21:00",36.5,36.52,36.49,36.51,234,36.499,0,41
"2015-07-14 10:21:30",36.52,36.57,36.51,36.56,795,36.548,0,209
"2015-07-14 10:22:00",36.57,36.59,36.54,36.55,460,36.569,0,206
"2015-07-14 10:22:30",36.54,36.55,36.53,36.55,192,36.541,0,66
"2015-07-14 10:23:00",36.54,36.55,36.53,36.54,90,36.533,0,49
"2015-07-14 10:23:30",36.54,36.56,36.53,36.56,202,36.551,0,77
"2015-07-14 10:24:00",36.56,36.57,36.54,36.55,169,36.552,0,83
"2015-07-14 10:24:30",36.56,36.56,36.52,36.54,152,36.542,0,102
"2015-07-14 10:25:00",36.54,36.58,36.53,36.57,359,36.561,0,129
"2015-07-14 10:25:30",36.57,36.58,36.56,36.56,190,36.572,0,93
"2015-07-14 10:26:00",36.56,36.58,36.56,36.57,170,36.571,0,114
"2015-07-14 10:26:30",36.57,36.68,36.57,36.66,1163,36.617,0,380
"2015-07-14 10:27:00",36.66,36.7,36.65,36.69,748,36.677,0,252
"2015-07-14 10:27:30",36.69,36.72,36.69,36.71,727,36.704,0,216
"2015-07-14 10:28:00",36.72,36.73,36.71,36.73,386,36.721,0,113
"2015-07-14 10:28:30",36.73,36.75,36.72,36.74,264,36.739,0,125
"2015-07-14 10:29:00",36.74,36.77,36.74,36.77,555,36.751,0,167
"2015-07-14 10:29:30",36.76,36.78,36.76,36.77,245,36.772,0,76
"2015-07-14 10:30:00",36.77,36.78,36.74,36.76,608,36.754,0,214
"2015-07-14 10:30:30",36.76,36.77,36.75,36.76,264,36.761,0,102
"2015-07-14 10:31:00",36.77,36.77,36.73,36.75,555,36.75,0,235
"2015-07-14 10:31:30",36.75,36.77,36.74,36.75,440,36.753,0,207
"2015-07-14 10:32:00",36.74,36.75,36.7,36.7,241,36.722,0,121
"2015-07-14 10:32:30",36.7,36.71,36.66,36.66,262,36.685,0,104
"2015-07-14 10:33:00",36.66,36.67,36.66,36.67,95,36.669,0,41
"2015-07-14 10:33:30",36.67,36.67,36.63,36.63,220,36.642,0,85
"2015-07-14 10:34:00",36.62,36.63,36.6,36.6,146,36.616,0,75
"2015-07-14 10:34:30",36.61,36.61,36.58,36.59,224,36.593,0,71
"2015-07-14 10:35:00",36.59,36.65,36.59,36.65,445,36.611,0,202
"2015-07-14 10:35:30",36.65,36.68,36.64,36.68,112,36.658,0,38
"2015-07-14 10:36:00",36.68,36.7,36.68,36.68,161,36.686,0,104
"2015-07-14 10:36:30",36.68,36.69,36.68,36.69,173,36.683,0,34
"2015-07-14 10:37:00",36.68,36.72,36.68,36.72,220,36.695,0,67
"2015-07-14 10:37:30",36.73,36.73,36.71,36.73,153,36.72,0,59
"2015-07-14 10:38:00",36.73,36.74,36.72,36.73,281,36.73,0,66
"2015-07-14 10:38:30",36.73,36.75,36.73,36.75,85,36.744,0,30
"2015-07-14 10:39:00",36.74,36.75,36.73,36.73,139,36.738,0,69
"2015-07-14 10:39:30",36.72,36.73,36.71,36.71,137,36.715,0,53
"2015-07-14 10:40:00",36.71,36.72,36.69,36.69,81,36.704,0,46
"2015-07-14 10:40:30",36.69,36.7,36.67,36.67,81,36.678,0,37
"2015-07-14 10:41:00",36.68,36.68,36.64,36.68,422,36.667,0,215
"2015-07-14 10:41:30",36.67,36.68,36.62,36.62,188,36.644,0,92
"2015-07-14 10:42:00",36.63,36.66,36.63,36.65,233,36.646,0,113
"2015-07-14 10:42:30",36.64,36.65,36.62,36.62,88,36.634,0,63
"2015-07-14 10:43:00",36.62,36.62,36.57,36.59,244,36.594,0,85
"2015-07-14 10:43:30",36.6,36.61,36.59,36.6,172,36.601,0,98
"2015-07-14 10:44:00",36.61,36.62,36.59,36.59,156,36.605,0,91
"2015-07-14 10:44:30",36.59,36.6,36.59,36.6,75,36.598,0,35
"2015-07-14 10:45:00",36.6,36.64,36.59,36.63,297,36.617,0,133
"2015-07-14 10:45:30",36.63,36.63,36.62,36.62,68,36.621,0,30
"2015-07-14 10:46:00",36.62,36.62,36.6,36.6,125,36.615,0,76
"2015-07-14 10:46:30",36.6,36.6,36.55,36.56,321,36.577,0,121
"2015-07-14 10:47:00",36.55,36.56,36.53,36.53,220,36.54,0,80
"2015-07-14 10:47:30",36.53,36.58,36.52,36.58,198,36.539,0,90
"2015-07-14 10:48:00",36.58,36.67,36.57,36.66,450,36.632,0,187
"2015-07-14 10:48:30",36.66,36.67,36.63,36.66,334,36.653,0,178
"2015-07-14 10:49:00",36.65,36.67,36.65,36.66,214,36.657,0,101
"2015-07-14 10:49:30",36.67,36.67,36.64,36.64,281,36.656,0,166
"2015-07-14 10:50:00",36.64,36.66,36.64,36.66,107,36.653,0,56
"2015-07-14 10:50:30",36.65,36.66,36.61,36.61,197,36.64,0,112
"2015-07-14 10:51:00",36.61,36.62,36.58,36.61,259,36.603,0,153
"2015-07-14 10:51:30",36.61,36.61,36.56,36.56,124,36.588,0,88
"2015-07-14 10:52:00",36.56,36.59,36.56,36.58,61,36.571,0,37
"2015-07-14 10:52:30",36.59,36.62,36.58,36.6,112,36.604,0,70
"2015-07-14 10:53:00",36.61,36.61,36.6,36.6,60,36.603,0,28
"2015-07-14 10:53:30",36.6,36.6,36.58,36.58,104,36.594,0,74
"2015-07-14 10:54:00",36.58,36.59,36.56,36.56,97,36.578,0,56
"2015-07-14 10:54:30",36.56,36.59,36.56,36.59,125,36.575,0,43
"2015-07-14 10:55:00",36.58,36.58,36.55,36.55,141,36.572,0,66
"2015-07-14 10:55:30",36.55,36.56,36.54,36.54,130,36.55,0,62
"2015-07-14 10:56:00",36.54,36.56,36.54,36.55,202,36.546,0,72
"2015-07-14 10:56:30",36.55,36.56,36.55,36.55,125,36.556,0,52
"2015-07-14 10:57:00",36.55,36.57,36.55,36.57,81,36.562,0,48
"2015-07-14 10:57:30",36.57,36.57,36.55,36.56,216,36.555,0,90
"2015-07-14 10:58:00",36.55,36.56,36.52,36.52,170,36.541,0,53
"2015-07-14 10:58:30",36.52,36.53,36.51,36.51,147,36.517,0,43
"2015-07-14 10:59:00",36.51,36.52,36.48,36.49,501,36.493,0,161
"2015-07-14 10:59:30",36.48,36.49,36.48,36.48,156,36.483,0,59
"2015-07-14 11:00:00",36.48,36.49,36.45,36.46,508,36.467,0,246
"2015-07-14 11:00:30",36.46,36.54,36.46,36.54,227,36.492,0,93
"2015-07-14 11:01:00",36.55,36.56,36.51,36.52,409,36.545,0,227
"2015-07-14 11:01:30",36.52,36.54,36.51,36.52,248,36.523,0,120
"2015-07-14 11:02:00",36.52,36.53,36.51,36.52,274,36.521,0,145
"2015-07-14 11:02:30",36.52,36.54,36.52,36.54,108,36.529,0,62
"2015-07-14 11:03:00",36.53,36.56,36.53,36.55,130,36.543,0,46
"2015-07-14 11:03:30",36.55,36.56,36.54,36.56,140,36.551,0,78
"2015-07-14 11:04:00",36.56,36.6,36.56,36.59,344,36.58,0,108
"2015-07-14 11:04:30",36.59,36.62,36.58,36.61,396,36.593,0,139
"2015-07-14 11:05:00",36.61,36.65,36.6,36.65,579,36.627,0,148
"2015-07-14 11:05:30",36.65,36.67,36.64,36.66,457,36.657,0,165
"2015-07-14 11:06:00",36.66,36.68,36.65,36.68,451,36.665,0,157
"2015-07-14 11:06:30",36.68,36.71,36.67,36.71,475,36.695,0,164
"2015-07-14 11:07:00",36.71,36.73,36.7,36.73,419,36.715,0,157
"2015-07-14 11:07:30",36.73,36.74,36.72,36.73,223,36.732,0,87
"2015-07-14 11:08:00",36.73,36.74,36.73,36.73,576,36.734,0,165
"2015-07-14 11:08:30",36.73,36.75,36.72,36.75,876,36.737,0,235
"2015-07-14 11:09:00",36.75,36.75,36.74,36.74,158,36.743,0,44
"2015-07-14 11:09:30",36.74,36.75,36.73,36.74,303,36.741,0,122
"2015-07-14 11:10:00",36.74,36.75,36.74,36.74,111,36.745,0,40
"2015-07-14 11:10:30",36.74,36.77,36.74,36.77,795,36.755,0,212
"2015-07-14 11:11:00",36.77,36.78,36.76,36.77,329,36.769,0,127
"2015-07-14 11:11:30",36.77,36.78,36.77,36.78,254,36.778,0,74
"2015-07-14 11:12:00",36.78,36.8,36.77,36.8,240,36.79,0,92
"2015-07-14 11:12:30",36.8,36.8,36.78,36.78,473,36.783,0,156
"2015-07-14 11:13:00",36.78,36.79,36.75,36.75,583,36.774,0,279
"2015-07-14 11:13:30",36.75,36.76,36.72,36.72,327,36.74,0,109
"2015-07-14 11:14:00",36.72,36.73,36.72,36.72,137,36.722,0,80
"2015-07-14 11:14:30",36.73,36.76,36.72,36.74,212,36.742,0,110
"2015-07-14 11:15:00",36.74,36.79,36.74,36.78,266,36.767,0,108
"2015-07-14 11:15:30",36.78,36.79,36.78,36.79,48,36.781,0,18
"2015-07-14 11:16:00",36.78,36.79,36.75,36.75,418,36.775,0,150
"2015-07-14 11:16:30",36.75,36.78,36.75,36.76,311,36.766,0,78
"2015-07-14 11:17:00",36.77,36.77,36.74,36.74,172,36.757,0,88
"2015-07-14 11:17:30",36.74,36.78,36.74,36.77,359,36.76,0,97
"2015-07-14 11:18:00",36.77,36.78,36.76,36.77,168,36.771,0,86
"2015-07-14 11:18:30",36.77,36.79,36.76,36.79,336,36.78,0,63
"2015-07-14 11:19:00",36.79,36.79,36.78,36.79,95,36.787,0,43
"2015-07-14 11:19:30",36.79,36.79,36.77,36.78,249,36.783,0,82
"2015-07-14 11:20:00",36.78,36.79,36.77,36.78,152,36.78,0,63
"2015-07-14 11:20:30",36.78,36.78,36.77,36.77,32,36.777,0,14
"2015-07-14 11:21:00",36.77,36.78,36.75,36.76,295,36.761,0,146
"2015-07-14 11:21:30",36.76,36.77,36.76,36.76,60,36.764,0,36
"2015-07-14 11:22:00",36.77,36.79,36.76,36.77,327,36.776,0,136
"2015-07-14 11:22:30",36.78,36.78,36.75,36.75,135,36.768,0,75
"2015-07-14 11:23:00",36.76,36.78,36.75,36.78,169,36.767,0,67
"2015-07-14 11:23:30",36.77,36.78,36.75,36.76,282,36.765,0,173
"2015-07-14 11:24:00",36.76,36.78,36.76,36.77,87,36.769,0,52
"2015-07-14 11:24:30",36.77,36.8,36.76,36.78,570,36.779,0,309
"2015-07-14 11:25:00",36.78,36.79,36.78,36.78,152,36.782,0,80
"2015-07-14 11:25:30",36.78,36.8,36.77,36.79,285,36.784,0,100
"2015-07-14 11:26:00",36.8,36.8,36.79,36.79,225,36.795,0,105
"2015-07-14 11:26:30",36.78,36.79,36.78,36.79,121,36.787,0,44
"2015-07-14 11:27:00",36.79,36.79,36.78,36.79,76,36.786,0,50
"2015-07-14 11:27:30",36.78,36.79,36.78,36.79,63,36.787,0,27
"2015-07-14 11:28:00",36.79,36.85,36.78,36.85,1487,36.807,0,457
"2015-07-14 11:28:30",36.84,36.85,36.84,36.84,171,36.845,0,43
"2015-07-14 11:29:00",36.85,36.88,36.85,36.88,889,36.862,0,251
"2015-07-14 11:29:30",36.87,36.88,36.87,36.88,211,36.873,0,120
"2015-07-14 11:30:00",36.87,36.89,36.87,36.89,323,36.878,0,80
"2015-07-14 11:30:30",36.88,36.91,36.88,36.91,653,36.897,0,236
"2015-07-14 11:31:00",36.9,36.9,36.87,36.89,568,36.888,0,261
"2015-07-14 11:31:30",36.89,36.92,36.89,36.91,259,36.904,0,149
"2015-07-14 11:32:00",36.92,36.92,36.91,36.91,337,36.915,0,103
"2015-07-14 11:32:30",36.92,36.93,36.9,36.91,1080,36.915,0,250
"2015-07-14 11:33:00",36.91,36.92,36.9,36.91,138,36.912,0,74
"2015-07-14 11:33:30",36.9,36.91,36.87,36.87,229,36.889,0,129
"2015-07-14 11:34:00",36.88,36.88,36.82,36.82,379,36.841,0,197
"2015-07-14 11:34:30",36.82,36.83,36.79,36.83,533,36.81,0,160
"2015-07-14 11:35:00",36.82,36.83,36.81,36.82,150,36.818,0,27
"2015-07-14 11:35:30",36.81,36.84,36.81,36.82,168,36.825,0,57
"2015-07-14 11:36:00",36.83,36.88,36.83,36.87,383,36.856,0,106
"2015-07-14 11:36:30",36.86,36.87,36.83,36.83,64,36.851,0,33
"2015-07-14 11:37:00",36.83,36.84,36.78,36.79,226,36.81,0,87
"2015-07-14 11:37:30",36.78,36.91,36.78,36.9,1187,36.853,0,528
"2015-07-14 11:38:00",36.89,36.97,36.89,36.97,748,36.937,0,256
"2015-07-14 11:38:30",36.97,36.99,36.96,36.98,601,36.975,0,148
"2015-07-14 11:39:00",36.98,37.2,36.97,37.15,4465,37.066,0,1631
"2015-07-14 11:39:30",37.15,37.9,37.15,37.82,8839,37.592,0,3811
"2015-07-14 11:40:00",37.82,37.86,37.33,37.4,7758,37.535,0,3911
"2015-07-14 11:40:30",37.39,37.5,37.23,37.32,4363,37.346,0,2105
"2015-07-14 11:41:00",37.32,37.4,37.08,37.2,4982,37.238,0,2019
"2015-07-14 11:41:30",37.21,37.35,37.16,37.31,3279,37.257,0,1311
"2015-07-14 11:42:00",37.31,37.51,37.28,37.5,4953,37.395,0,2100
"2015-07-14 11:42:30",37.51,37.88,37.47,37.86,7300,37.701,0,3114
"2015-07-14 11:43:00",37.86,38.2,37.71,38.14,9554,37.995,0,3433
"2015-07-14 11:43:30",38.14,38.54,38.04,38.52,10534,38.353,0,3739
"2015-07-14 11:44:00",38.51,38.75,38.32,38.75,8712,38.511,0,3423
"2015-07-14 11:44:30",38.75,38.82,38.21,38.41,10489,38.547,0,3459
"2015-07-14 11:45:00",38.44,38.59,38.13,38.58,6873,38.347,0,2001
"2015-07-14 11:45:30",38.57,38.75,38.26,38.47,7183,38.509,0,1935
"2015-07-14 11:46:00",38.44,38.54,38.3,38.33,7776,38.414,0,2118
"2015-07-14 11:46:30",38.32,38.39,37.6,37.68,11928,37.861,0,4219
"2015-07-14 11:47:00",37.68,37.77,37.5,37.55,14293,37.642,0,4685
"2015-07-14 11:47:30",37.52,37.6,37.36,37.36,10753,37.492,0,3627
"2015-07-14 11:48:00",37.37,37.45,37.12,37.21,10321,37.285,0,3670
"2015-07-14 11:48:30",37.15,37.25,37.02,37.04,6602,37.129,0,2269
"2015-07-14 11:49:00",37.04,37.08,36.88,36.9,9211,36.972,0,2945
"2015-07-14 11:49:30",36.93,37,36.82,36.96,7351,36.928,0,2521
"2015-07-14 11:50:00",36.96,37,36.77,36.86,6137,36.913,0,2403
"2015-07-14 11:50:30",36.86,36.93,36.8,36.83,3832,36.847,0,1426
"2015-07-14 11:51:00",36.83,36.95,36.81,36.9,3010,36.896,0,1070
"2015-07-14 11:51:30",36.9,36.97,36.8,36.8,4923,36.889,0,1340
"2015-07-14 11:52:00",36.81,36.84,36.56,36.7,7076,36.697,0,1899
"2015-07-14 11:52:30",36.7,36.92,36.63,36.69,4430,36.738,0,1648
"2015-07-14 11:53:00",36.69,36.75,36.62,36.64,2173,36.692,0,829
"2015-07-14 11:53:30",36.64,36.64,36.56,36.62,2954,36.597,0,1090
"2015-07-14 11:54:00",36.62,36.74,36.55,36.71,4134,36.628,0,1701
"2015-07-14 11:54:30",36.71,36.87,36.7,36.85,2948,36.79,0,1188
"2015-07-14 11:55:00",36.86,36.87,36.8,36.8,1836,36.839,0,697
"2015-07-14 11:55:30",36.8,36.81,36.75,36.81,1967,36.785,0,738
"2015-07-14 11:56:00",36.8,36.95,36.8,36.95,2041,36.905,0,568
"2015-07-14 11:56:30",36.95,37.05,36.94,36.98,3714,36.992,0,940
"2015-07-14 11:57:00",36.98,37.06,36.96,37,2964,37,0,897
"2015-07-14 11:57:30",37.01,37.07,36.93,36.95,2168,36.998,0,823
"2015-07-14 11:58:00",36.95,36.95,36.86,36.87,1794,36.892,0,616
"2015-07-14 11:58:30",36.87,36.93,36.85,36.89,903,36.894,0,360
"2015-07-14 11:59:00",36.89,36.98,36.86,36.97,790,36.916,0,236
"2015-07-14 11:59:30",36.97,37.02,36.95,37,791,36.984,0,308
"2015-07-14 12:00:00",37,37.15,37,37.1,1735,37.09,0,618
"2015-07-14 12:00:30",37.11,37.13,37.07,37.11,1686,37.099,0,556
"2015-07-14 12:01:00",37.11,37.12,37.06,37.09,934,37.092,0,451
"2015-07-14 12:01:30",37.1,37.14,37.03,37.12,2499,37.068,0,982
"2015-07-14 12:02:00",37.13,37.15,37.03,37.08,1835,37.096,0,617
"2015-07-14 12:02:30",37.08,37.1,37,37.02,1981,37.027,0,817
"2015-07-14 12:03:00",37.02,37.03,36.94,36.98,2135,36.985,0,923
"2015-07-14 12:03:30",37,37.09,36.98,37.08,1271,37.045,0,519
"2015-07-14 12:04:00",37.07,37.09,37,37.01,939,37.046,0,423
"2015-07-14 12:04:30",37.01,37.04,36.98,37.03,1408,37.012,0,525
"2015-07-14 12:05:00",37.02,37.1,36.97,37.04,2734,37.03,0,924
"2015-07-14 12:05:30",37.1,37.1,36.99,37.01,1421,37.018,0,558
"2015-07-14 12:06:00",37,37.03,36.95,37.03,1373,36.986,0,509
"2015-07-14 12:06:30",37.03,37.09,37,37.08,1549,37.046,0,521
"2015-07-14 12:07:00",37.08,37.09,37.03,37.05,629,37.067,0,193
"2015-07-14 12:07:30",37.05,37.05,36.99,36.99,1196,37.01,0,260
"2015-07-14 12:08:00",37,37.02,36.99,37,982,37.007,0,250
"2015-07-14 12:08:30",37,37.04,37,37.04,418,37.028,0,188
"2015-07-14 12:09:00",37.03,37.04,37.01,37.02,422,37.025,0,121
"2015-07-14 12:09:30",37.01,37.05,37.01,37.01,618,37.017,0,292
"2015-07-14 12:10:00",37.01,37.02,36.98,37.01,636,36.995,0,243
"2015-07-14 12:10:30",37.01,37.08,37,37.08,1153,37.043,0,328
"2015-07-14 12:11:00",37.07,37.21,37.07,37.2,2736,37.136,0,693
"2015-07-14 12:11:30",37.2,37.21,37.1,37.11,1729,37.14,0,587
"2015-07-14 12:12:00",37.12,37.18,37.11,37.16,955,37.152,0,316
"2015-07-14 12:12:30",37.17,37.24,37.16,37.21,1334,37.204,0,369
"2015-07-14 12:13:00",37.2,37.21,37.17,37.2,937,37.198,0,258
"2015-07-14 12:13:30",37.2,37.25,37.2,37.22,1019,37.232,0,301
"2015-07-14 12:14:00",37.22,37.24,37.18,37.2,839,37.204,0,256
"2015-07-14 12:14:30",37.19,37.2,37.13,37.17,839,37.17,0,284
"2015-07-14 12:15:00",37.17,37.17,37.12,37.12,481,37.137,0,174
"2015-07-14 12:15:30",37.12,37.14,37.07,37.09,933,37.11,0,414
"2015-07-14 12:16:00",37.08,37.09,37.03,37.03,1333,37.054,0,583
"2015-07-14 12:16:30",37.04,37.08,37.01,37.07,736,37.038,0,299
"2015-07-14 12:17:00",37.06,37.06,37,37.04,880,37.025,0,281
"2015-07-14 12:17:30",37.05,37.07,37.02,37.02,609,37.037,0,121
"2015-07-14 12:18:00",37.02,37.04,36.98,37.02,1677,37.006,0,464
"2015-07-14 12:18:30",37.02,37.04,37,37.03,331,37.016,0,90
"2015-07-14 12:19:00",37.02,37.05,37.01,37.03,152,37.033,0,59
"2015-07-14 12:19:30",37.03,37.04,37.01,37.01,197,37.02,0,104
"2015-07-14 12:20:00",37.01,37.02,36.98,36.98,924,37.001,0,327
"2015-07-14 12:20:30",36.99,37.01,36.93,36.95,1305,36.968,0,405
"2015-07-14 12:21:00",36.96,36.97,36.94,36.95,438,36.961,0,181
"2015-07-14 12:21:30",36.95,36.96,36.92,36.94,611,36.943,0,284
"2015-07-14 12:22:00",36.94,36.95,36.92,36.92,304,36.933,0,212
"2015-07-14 12:22:30",36.92,36.93,36.86,36.87,2717,36.883,0,636
"2015-07-14 12:23:00",36.87,36.93,36.86,36.9,1249,36.887,0,440
"2015-07-14 12:23:30",36.9,36.9,36.89,36.9,258,36.893,0,107
"2015-07-14 12:24:00",36.89,36.9,36.89,36.89,133,36.896,0,49
"2015-07-14 12:24:30",36.9,36.91,36.89,36.9,627,36.897,0,233
"2015-07-14 12:25:00",36.9,36.9,36.89,36.89,272,36.894,0,108
"2015-07-14 12:25:30",36.89,36.93,36.88,36.92,842,36.908,0,429
"2015-07-14 12:26:00",36.93,36.93,36.92,36.92,447,36.922,0,184
"2015-07-14 12:26:30",36.92,36.96,36.92,36.95,370,36.933,0,104
"2015-07-14 12:27:00",36.96,36.99,36.95,36.98,252,36.963,0,123
"2015-07-14 12:27:30",36.98,37.02,36.97,37.02,493,36.993,0,167
"2015-07-14 12:28:00",37.02,37.02,36.97,36.98,324,37.003,0,109
"2015-07-14 12:28:30",36.97,36.97,36.94,36.95,246,36.953,0,118
"2015-07-14 12:29:00",36.95,36.96,36.93,36.93,138,36.938,0,45
"2015-07-14 12:29:30",36.94,36.94,36.93,36.94,393,36.932,0,206
"2015-07-14 12:30:00",36.94,36.98,36.94,36.97,220,36.966,0,97
"2015-07-14 12:30:30",36.97,36.98,36.96,36.98,169,36.975,0,53
"2015-07-14 12:31:00",36.97,36.98,36.97,36.97,73,36.973,0,22
"2015-07-14 12:31:30",36.98,36.99,36.97,36.99,57,36.978,0,39
"2015-07-14 12:32:00",36.98,37.03,36.98,37.02,436,37.001,0,100
"2015-07-14 12:32:30",37.03,37.03,36.99,36.99,428,37.007,0,151
"2015-07-14 12:33:00",36.99,37,36.95,36.96,416,36.958,0,101
"2015-07-14 12:33:30",36.96,36.99,36.96,36.99,254,36.976,0,49
"2015-07-14 12:34:00",36.99,37,36.99,37,422,36.995,0,105
"2015-07-14 12:34:30",36.99,36.99,36.97,36.99,406,36.981,0,187
"2015-07-14 12:35:00",36.98,36.99,36.98,36.99,40,36.981,0,8
"2015-07-14 12:35:30",36.99,36.99,36.93,36.94,262,36.96,0,143
"2015-07-14 12:36:00",36.93,36.96,36.92,36.95,218,36.931,0,113
"2015-07-14 12:36:30",36.94,36.95,36.94,36.95,66,36.945,0,16
"2015-07-14 12:37:00",36.95,36.96,36.95,36.95,107,36.954,0,48
"2015-07-14 12:37:30",36.95,36.95,36.93,36.94,381,36.94,0,80
"2015-07-14 12:38:00",36.94,36.94,36.92,36.92,352,36.925,0,181
"2015-07-14 12:38:30",36.92,36.94,36.91,36.94,367,36.928,0,166
"2015-07-14 12:39:00",36.93,36.96,36.92,36.95,395,36.937,0,177
"2015-07-14 12:39:30",36.96,36.96,36.95,36.95,41,36.957,0,18
"2015-07-14 12:40:00",36.95,36.96,36.95,36.96,26,36.954,0,7
"2015-07-14 12:40:30",36.95,36.96,36.94,36.95,188,36.947,0,69
"2015-07-14 12:41:00",36.95,36.96,36.94,36.95,220,36.949,0,134
"2015-07-14 12:41:30",36.94,36.96,36.94,36.96,49,36.953,0,32
"2015-07-14 12:42:00",36.96,36.96,36.93,36.94,271,36.945,0,105
"2015-07-14 12:42:30",36.94,36.94,36.91,36.93,343,36.916,0,123
"2015-07-14 12:43:00",36.93,36.93,36.87,36.88,495,36.9,0,180
"2015-07-14 12:43:30",36.88,36.92,36.87,36.91,272,36.901,0,131
"2015-07-14 12:44:00",36.91,36.92,36.9,36.92,79,36.912,0,56
"2015-07-14 12:44:30",36.91,36.92,36.9,36.91,169,36.911,0,89
"2015-07-14 12:45:00",36.9,36.9,36.9,36.9,10,36.9,0,9
"2015-07-14 12:45:30",36.9,36.91,36.9,36.91,45,36.903,0,21
"2015-07-14 12:46:00",36.9,36.92,36.9,36.91,178,36.909,0,86
"2015-07-14 12:46:30",36.91,36.92,36.88,36.88,210,36.898,0,117
"2015-07-14 12:47:00",36.89,36.89,36.86,36.86,404,36.871,0,126
"2015-07-14 12:47:30",36.87,36.87,36.83,36.84,821,36.852,0,305
"2015-07-14 12:48:00",36.85,36.85,36.83,36.84,665,36.844,0,201
"2015-07-14 12:48:30",36.84,36.85,36.83,36.84,146,36.842,0,72
"2015-07-14 12:49:00",36.84,36.9,36.84,36.9,682,36.869,0,310
"2015-07-14 12:49:30",36.89,36.9,36.87,36.87,427,36.882,0,217
"2015-07-14 12:50:00",36.87,36.88,36.87,36.88,108,36.875,0,64
"2015-07-14 12:50:30",36.89,36.89,36.87,36.88,314,36.876,0,111
"2015-07-14 12:51:00",36.87,36.89,36.87,36.88,158,36.884,0,57
"2015-07-14 12:51:30",36.89,36.89,36.88,36.88,26,36.881,0,14
"2015-07-14 12:52:00",36.89,36.89,36.88,36.88,132,36.883,0,39
"2015-07-14 12:52:30",36.88,36.89,36.87,36.87,184,36.88,0,86
"2015-07-14 12:53:00",36.87,36.88,36.87,36.88,85,36.875,0,39
"2015-07-14 12:53:30",36.87,36.88,36.87,36.87,234,36.87,0,96
"2015-07-14 12:54:00",36.87,36.87,36.83,36.83,346,36.855,0,198
"2015-07-14 12:54:30",36.83,36.84,36.82,36.83,265,36.832,0,132
"2015-07-14 12:55:00",36.84,36.89,36.83,36.89,269,36.857,0,95
"2015-07-14 12:55:30",36.89,36.93,36.88,36.91,484,36.907,0,187
"2015-07-14 12:56:00",36.91,36.95,36.91,36.93,285,36.937,0,126
"2015-07-14 12:56:30",36.93,36.95,36.92,36.93,129,36.931,0,78
"2015-07-14 12:57:00",36.94,36.96,36.93,36.95,291,36.94,0,81
"2015-07-14 12:57:30",36.95,36.96,36.94,36.95,384,36.949,0,122
"2015-07-14 12:58:00",36.94,36.95,36.93,36.95,110,36.94,0,56
"2015-07-14 12:58:30",36.94,36.95,36.94,36.95,265,36.941,0,96
"2015-07-14 12:59:00",36.95,37,36.94,36.97,815,36.975,0,404
"2015-07-14 12:59:30",36.96,36.99,36.96,36.98,70,36.97,0,24
"2015-07-14 13:00:00",36.98,37.03,36.98,37.02,674,37.007,0,229
"2015-07-14 13:00:30",37.03,37.04,37,37,386,37.018,0,140
"2015-07-14 13:01:00",37,37.01,36.96,36.96,369,36.989,0,170
"2015-07-14 13:01:30",36.97,36.97,36.96,36.96,71,36.964,0,34
"2015-07-14 13:02:00",36.96,36.97,36.96,36.97,70,36.964,0,33
"2015-07-14 13:02:30",36.96,36.97,36.91,36.95,370,36.939,0,179
"2015-07-14 13:03:00",36.93,36.94,36.93,36.94,125,36.932,0,78
"2015-07-14 13:03:30",36.94,36.94,36.92,36.92,293,36.928,0,141
"2015-07-14 13:04:00",36.92,36.93,36.88,36.88,612,36.91,0,329
"2015-07-14 13:04:30",36.88,36.89,36.88,36.89,271,36.887,0,120
"2015-07-14 13:05:00",36.89,36.89,36.88,36.88,110,36.885,0,20
"2015-07-14 13:05:30",36.88,36.91,36.88,36.9,177,36.897,0,114
"2015-07-14 13:06:00",36.9,36.91,36.9,36.91,50,36.904,0,15
"2015-07-14 13:06:30",36.9,36.91,36.9,36.9,94,36.902,0,46
"2015-07-14 13:07:00",36.91,36.91,36.9,36.9,69,36.907,0,27
"2015-07-14 13:07:30",36.91,36.93,36.9,36.93,257,36.92,0,135
"2015-07-14 13:08:00",36.93,36.93,36.92,36.93,18,36.922,0,7
"2015-07-14 13:08:30",36.92,36.93,36.92,36.92,56,36.924,0,29
"2015-07-14 13:09:00",36.93,36.93,36.92,36.93,49,36.925,0,16
"2015-07-14 13:09:30",36.92,36.93,36.91,36.91,310,36.914,0,157
"2015-07-14 13:10:00",36.91,36.91,36.9,36.9,22,36.902,0,10
"2015-07-14 13:10:30",36.91,36.92,36.9,36.91,169,36.908,0,55
"2015-07-14 13:11:00",36.91,36.93,36.9,36.93,252,36.921,0,82
"2015-07-14 13:11:30",36.93,36.93,36.91,36.92,260,36.914,0,119
"2015-07-14 13:12:00",36.91,36.92,36.91,36.92,30,36.914,0,16
"2015-07-14 13:12:30",36.92,36.92,36.91,36.92,22,36.915,0,19
"2015-07-14 13:13:00",36.91,36.92,36.91,36.91,163,36.914,0,83
"2015-07-14 13:13:30",36.91,36.91,36.9,36.91,56,36.909,0,40
"2015-07-14 13:14:00",36.91,36.91,36.9,36.91,57,36.902,0,6
"2015-07-14 13:14:30",36.9,36.91,36.9,36.91,139,36.905,0,38
"2015-07-14 13:15:00",36.9,36.91,36.9,36.9,152,36.9,0,58
"2015-07-14 13:15:30",36.9,36.91,36.89,36.9,312,36.902,0,105
"2015-07-14 13:16:00",36.89,36.9,36.88,36.88,286,36.888,0,75
"2015-07-14 13:16:30",36.88,36.89,36.88,36.88,109,36.881,0,39
"2015-07-14 13:17:00",36.88,36.88,36.81,36.83,905,36.84,0,391
"2015-07-14 13:17:30",36.83,36.84,36.82,36.84,267,36.829,0,121
"2015-07-14 13:18:00",36.83,36.84,36.81,36.82,596,36.818,0,244
"2015-07-14 13:18:30",36.82,36.84,36.81,36.83,236,36.828,0,136
"2015-07-14 13:19:00",36.83,36.88,36.83,36.87,395,36.858,0,219
"2015-07-14 13:19:30",36.86,36.87,36.86,36.86,105,36.868,0,44
"2015-07-14 13:20:00",36.86,36.87,36.86,36.86,22,36.862,0,5
"2015-07-14 13:20:30",36.87,36.87,36.84,36.84,174,36.859,0,91
"2015-07-14 13:21:00",36.85,36.85,36.83,36.83,348,36.835,0,101
"2015-07-14 13:21:30",36.83,36.84,36.83,36.83,54,36.835,0,17
"2015-07-14 13:22:00",36.83,36.84,36.83,36.83,32,36.831,0,8
"2015-07-14 13:22:30",36.84,36.85,36.83,36.84,167,36.846,0,81
"2015-07-14 13:23:00",36.85,36.9,36.84,36.9,360,36.856,0,181
"2015-07-14 13:23:30",36.9,36.9,36.89,36.9,52,36.893,0,32
"2015-07-14 13:24:00",36.89,36.9,36.89,36.9,33,36.897,0,22
"2015-07-14 13:24:30",36.89,36.93,36.89,36.92,163,36.913,0,67
"2015-07-14 13:25:00",36.93,36.95,36.92,36.92,301,36.934,0,117
"2015-07-14 13:25:30",36.93,36.93,36.92,36.92,137,36.923,0,48
"2015-07-14 13:26:00",36.93,36.93,36.85,36.85,451,36.892,0,154
"2015-07-14 13:26:30",36.84,36.87,36.83,36.85,220,36.849,0,85
"2015-07-14 13:27:00",36.85,36.88,36.85,36.87,45,36.87,0,28
"2015-07-14 13:27:30",36.88,36.89,36.87,36.88,42,36.882,0,23
"2015-07-14 13:28:00",36.9,36.9,36.89,36.89,50,36.892,0,32
"2015-07-14 13:28:30",36.89,36.9,36.89,36.9,32,36.891,0,15
"2015-07-14 13:29:00",36.9,36.9,36.9,36.9,30,36.9,0,21
"2015-07-14 13:29:30",36.9,36.9,36.89,36.89,53,36.895,0,20
"2015-07-14 13:30:00",36.89,36.9,36.89,36.89,24,36.894,0,16
"2015-07-14 13:30:30",36.9,36.91,36.89,36.91,60,36.9,0,37
"2015-07-14 13:31:00",36.91,36.92,36.9,36.92,271,36.915,0,92
"2015-07-14 13:31:30",36.91,36.92,36.9,36.91,294,36.91,0,145
"2015-07-14 13:32:00",36.92,36.94,36.91,36.94,110,36.924,0,47
"2015-07-14 13:32:30",36.94,36.96,36.94,36.96,94,36.948,0,40
"2015-07-14 13:33:00",36.95,36.99,36.95,36.99,298,36.976,0,120
"2015-07-14 13:33:30",36.99,36.99,36.94,36.95,438,36.973,0,184
"2015-07-14 13:34:00",36.94,36.97,36.94,36.97,213,36.957,0,100
"2015-07-14 13:34:30",36.97,36.98,36.96,36.97,214,36.973,0,100
"2015-07-14 13:35:00",36.98,36.98,36.97,36.98,47,36.979,0,11
"2015-07-14 13:35:30",36.98,36.98,36.96,36.97,95,36.971,0,63
"2015-07-14 13:36:00",36.97,36.97,36.91,36.93,389,36.935,0,174
"2015-07-14 13:36:30",36.93,36.95,36.93,36.94,123,36.938,0,40
"2015-07-14 13:37:00",36.95,36.96,36.94,36.95,126,36.951,0,70
"2015-07-14 13:37:30",36.95,36.96,36.94,36.95,54,36.951,0,29
"2015-07-14 13:38:00",36.95,36.97,36.94,36.96,78,36.954,0,23
"2015-07-14 13:38:30",36.96,36.97,36.95,36.95,97,36.961,0,51
"2015-07-14 13:39:00",36.95,36.96,36.93,36.94,161,36.943,0,81
"2015-07-14 13:39:30",36.94,36.95,36.93,36.94,112,36.941,0,45
"2015-07-14 13:40:00",36.94,36.95,36.94,36.95,35,36.946,0,14
"2015-07-14 13:40:30",36.94,36.97,36.94,36.96,339,36.956,0,81
"2015-07-14 13:41:00",36.97,36.99,36.96,36.98,129,36.98,0,48
"2015-07-14 13:41:30",36.98,36.98,36.97,36.97,134,36.978,0,78
"2015-07-14 13:42:00",36.97,36.98,36.96,36.98,229,36.969,0,77
"2015-07-14 13:42:30",36.97,36.98,36.97,36.98,61,36.974,0,9
"2015-07-14 13:43:00",36.98,36.99,36.96,36.97,386,36.98,0,158
"2015-07-14 13:43:30",36.97,36.98,36.97,36.97,30,36.972,0,8
"2015-07-14 13:44:00",36.97,36.98,36.96,36.97,70,36.97,0,30
"2015-07-14 13:44:30",36.97,36.99,36.96,36.98,110,36.977,0,50
"2015-07-14 13:45:00",36.98,36.98,36.97,36.97,37,36.972,0,9
"2015-07-14 13:45:30",36.98,36.98,36.97,36.97,105,36.974,0,31
"2015-07-14 13:46:00",36.98,36.98,36.96,36.96,107,36.97,0,72
"2015-07-14 13:46:30",36.96,36.97,36.96,36.97,16,36.966,0,14
"2015-07-14 13:47:00",36.97,36.97,36.96,36.97,129,36.966,0,74
"2015-07-14 13:47:30",36.96,36.97,36.94,36.95,373,36.957,0,180
"2015-07-14 13:48:00",36.95,36.95,36.94,36.95,120,36.944,0,38
"2015-07-14 13:48:30",36.95,36.96,36.94,36.96,55,36.955,0,42
"2015-07-14 13:49:00",36.95,36.96,36.95,36.95,51,36.953,0,14
"2015-07-14 13:49:30",36.95,36.96,36.95,36.96,123,36.957,0,49
"2015-07-14 13:50:00",36.96,36.96,36.95,36.96,55,36.953,0,16
"2015-07-14 13:50:30",36.95,36.96,36.95,36.95,95,36.954,0,52
"2015-07-14 13:51:00",36.96,36.96,36.95,36.95,13,36.957,0,4
"2015-07-14 13:51:30",36.95,36.96,36.95,36.95,131,36.952,0,27
"2015-07-14 13:52:00",36.95,36.96,36.93,36.93,290,36.948,0,104
"2015-07-14 13:52:30",36.94,36.94,36.92,36.92,105,36.931,0,49
"2015-07-14 13:53:00",36.93,36.93,36.9,36.92,498,36.915,0,265
"2015-07-14 13:53:30",36.91,36.93,36.91,36.92,299,36.916,0,146
"2015-07-14 13:54:00",36.92,36.93,36.92,36.92,108,36.925,0,36
"2015-07-14 13:54:30",36.92,36.93,36.91,36.92,97,36.92,0,52
"2015-07-14 13:55:00",36.91,36.92,36.91,36.91,41,36.912,0,13
"2015-07-14 13:55:30",36.91,36.92,36.9,36.9,208,36.91,0,84
"2015-07-14 13:56:00",36.91,36.91,36.9,36.91,156,36.902,0,53
"2015-07-14 13:56:30",36.9,36.91,36.9,36.9,110,36.902,0,34
"2015-07-14 13:57:00",36.9,36.91,36.9,36.9,76,36.9,0,40
"2015-07-14 13:57:30",36.89,36.9,36.88,36.88,62,36.89,0,35
"2015-07-14 13:58:00",36.88,36.89,36.88,36.88,192,36.888,0,98
"2015-07-14 13:58:30",36.89,36.89,36.88,36.89,106,36.885,0,26
"2015-07-14 13:59:00",36.89,36.89,36.88,36.88,112,36.882,0,46
"2015-07-14 13:59:30",36.89,36.89,36.88,36.88,123,36.887,0,42
"2015-07-14 14:00:00",36.88,36.89,36.87,36.87,136,36.879,0,84
"2015-07-14 14:00:30",36.88,36.88,36.87,36.87,41,36.874,0,19
"2015-07-14 14:01:00",36.87,36.88,36.87,36.87,21,36.87,0,16
"2015-07-14 14:01:30",36.87,36.88,36.87,36.88,270,36.879,0,144
"2015-07-14 14:02:00",36.88,36.88,36.87,36.88,84,36.878,0,20
"2015-07-14 14:02:30",36.88,36.88,36.87,36.88,29,36.878,0,12
"2015-07-14 14:03:00",36.88,36.89,36.87,36.89,213,36.882,0,96
"2015-07-14 14:03:30",36.89,36.9,36.88,36.9,420,36.891,0,179
"2015-07-14 14:04:00",36.9,36.91,36.89,36.9,581,36.898,0,260
"2015-07-14 14:04:30",36.89,36.9,36.89,36.89,243,36.893,0,45
"2015-07-14 14:05:00",36.9,36.94,36.89,36.94,687,36.908,0,263
"2015-07-14 14:05:30",36.94,36.94,36.93,36.94,29,36.936,0,13
"2015-07-14 14:06:00",36.93,36.97,36.93,36.96,283,36.954,0,84
"2015-07-14 14:06:30",36.96,36.97,36.95,36.97,339,36.96,0,133
"2015-07-14 14:07:00",36.96,36.97,36.9,36.92,677,36.933,0,279
"2015-07-14 14:07:30",36.92,36.93,36.92,36.93,111,36.921,0,55
"2015-07-14 14:08:00",36.92,36.92,36.88,36.92,549,36.902,0,172
"2015-07-14 14:08:30",36.92,36.94,36.91,36.93,300,36.929,0,106
"2015-07-14 14:09:00",36.93,36.94,36.93,36.93,80,36.93,0,37
"2015-07-14 14:09:30",36.93,36.94,36.93,36.93,16,36.933,0,12
"2015-07-14 14:10:00",36.93,36.94,36.93,36.93,12,36.934,0,3
"2015-07-14 14:10:30",36.94,36.98,36.93,36.97,582,36.961,0,354
"2015-07-14 14:11:00",36.97,36.98,36.96,36.96,112,36.969,0,40
"2015-07-14 14:11:30",36.96,36.97,36.94,36.94,109,36.955,0,53
"2015-07-14 14:12:00",36.94,36.95,36.94,36.94,22,36.94,0,3
"2015-07-14 14:12:30",36.94,36.94,36.93,36.94,74,36.938,0,35
"2015-07-14 14:13:00",36.94,36.94,36.93,36.94,27,36.936,0,15
"2015-07-14 14:13:30",36.93,36.94,36.93,36.93,35,36.934,0,19
"2015-07-14 14:14:00",36.93,36.94,36.93,36.94,70,36.937,0,26
"2015-07-14 14:14:30",36.94,36.94,36.93,36.93,274,36.935,0,39
"2015-07-14 14:15:00",36.93,36.95,36.93,36.94,114,36.94,0,88
"2015-07-14 14:15:30",36.94,36.95,36.94,36.95,271,36.943,0,95
"2015-07-14 14:16:00",36.94,36.96,36.94,36.95,342,36.953,0,145
"2015-07-14 14:16:30",36.96,36.97,36.95,36.97,130,36.958,0,61
"2015-07-14 14:17:00",36.97,36.98,36.96,36.98,391,36.972,0,182
"2015-07-14 14:17:30",36.98,36.99,36.98,36.99,218,36.984,0,40
"2015-07-14 14:18:00",36.99,36.99,36.97,36.98,107,36.981,0,52
"2015-07-14 14:18:30",36.98,36.99,36.97,36.99,133,36.98,0,73
"2015-07-14 14:19:00",36.99,36.99,36.97,36.98,266,36.982,0,94
"2015-07-14 14:19:30",36.98,36.98,36.97,36.97,158,36.977,0,76
"2015-07-14 14:20:00",36.98,36.98,36.97,36.97,161,36.977,0,58
"2015-07-14 14:20:30",36.97,36.98,36.97,36.97,53,36.973,0,23
"2015-07-14 14:21:00",36.97,36.98,36.97,36.97,28,36.971,0,8
"2015-07-14 14:21:30",36.98,36.98,36.97,36.97,129,36.973,0,20
"2015-07-14 14:22:00",36.98,36.99,36.97,36.98,305,36.983,0,185
"2015-07-14 14:22:30",36.98,36.99,36.96,36.97,135,36.977,0,73
"2015-07-14 14:23:00",36.96,36.99,36.96,36.98,181,36.983,0,69
"2015-07-14 14:23:30",36.98,37,36.98,36.98,394,36.99,0,206
"2015-07-14 14:24:00",36.99,37,36.99,37,846,36.999,0,330
"2015-07-14 14:24:30",36.99,37,36.99,36.99,398,36.999,0,140
"2015-07-14 14:25:00",37,37,36.99,37,214,36.993,0,69
"2015-07-14 14:25:30",36.99,37,36.97,36.98,300,36.984,0,123
"2015-07-14 14:26:00",36.98,36.99,36.97,36.98,22,36.981,0,17
"2015-07-14 14:26:30",36.98,36.99,36.98,36.99,51,36.987,0,8
"2015-07-14 14:27:00",36.99,36.99,36.98,36.98,41,36.984,0,13
"2015-07-14 14:27:30",36.98,36.99,36.97,36.97,228,36.978,0,99
"2015-07-14 14:28:00",36.97,36.98,36.96,36.96,146,36.968,0,74
"2015-07-14 14:28:30",36.96,36.97,36.95,36.95,210,36.957,0,79
"2015-07-14 14:29:00",36.95,36.96,36.93,36.94,386,36.946,0,192
"2015-07-14 14:29:30",36.94,36.95,36.94,36.94,171,36.945,0,50
"2015-07-14 14:30:00",36.94,36.94,36.92,36.94,297,36.936,0,103
"2015-07-14 14:30:30",36.94,36.94,36.93,36.93,178,36.934,0,83
"2015-07-14 14:31:00",36.93,36.94,36.93,36.94,23,36.931,0,6
"2015-07-14 14:31:30",36.93,36.94,36.92,36.92,206,36.925,0,75
"2015-07-14 14:32:00",36.92,36.94,36.92,36.93,153,36.928,0,88
"2015-07-14 14:32:30",36.93,36.93,36.9,36.91,175,36.917,0,86
"2015-07-14 14:33:00",36.91,36.94,36.9,36.92,298,36.932,0,111
"2015-07-14 14:33:30",36.92,36.93,36.92,36.92,288,36.928,0,70
"2015-07-14 14:34:00",36.92,36.93,36.92,36.92,14,36.922,0,10
"2015-07-14 14:34:30",36.92,36.93,36.92,36.93,54,36.925,0,30
"2015-07-14 14:35:00",36.92,36.93,36.92,36.92,629,36.921,0,112
"2015-07-14 14:35:30",36.92,36.94,36.92,36.93,194,36.929,0,131
"2015-07-14 14:36:00",36.93,36.94,36.92,36.93,191,36.932,0,90
"2015-07-14 14:36:30",36.92,36.93,36.92,36.93,56,36.925,0,25
"2015-07-14 14:37:00",36.92,36.94,36.92,36.94,172,36.935,0,126
"2015-07-14 14:37:30",36.95,36.95,36.93,36.93,148,36.938,0,76
"2015-07-14 14:38:00",36.93,36.94,36.93,36.93,40,36.935,0,15
"2015-07-14 14:38:30",36.93,36.94,36.92,36.92,76,36.932,0,40
"2015-07-14 14:39:00",36.93,36.93,36.92,36.92,125,36.924,0,73
"2015-07-14 14:39:30",36.92,36.94,36.92,36.94,224,36.928,0,68
"2015-07-14 14:40:00",36.93,36.94,36.93,36.94,21,36.932,0,15
"2015-07-14 14:40:30",36.93,36.96,36.93,36.95,464,36.946,0,231
"2015-07-14 14:41:00",36.95,36.95,36.94,36.95,130,36.94,0,57
"2015-07-14 14:41:30",36.94,36.95,36.94,36.94,99,36.942,0,41
"2015-07-14 14:42:00",36.94,36.95,36.94,36.94,51,36.946,0,16
"2015-07-14 14:42:30",36.94,36.95,36.94,36.94,11,36.942,0,6
"2015-07-14 14:43:00",36.94,36.95,36.94,36.95,33,36.942,0,10
"2015-07-14 14:43:30",36.94,36.95,36.93,36.94,134,36.94,0,75
"2015-07-14 14:44:00",36.94,36.94,36.92,36.93,124,36.928,0,66
"2015-07-14 14:44:30",36.92,36.93,36.92,36.93,21,36.926,0,12
"2015-07-14 14:45:00",36.92,36.94,36.92,36.93,199,36.93,0,100
"2015-07-14 14:45:30",36.93,36.93,36.92,36.93,86,36.929,0,53
"2015-07-14 14:46:00",36.93,36.93,36.92,36.92,34,36.922,0,20
"2015-07-14 14:46:30",36.92,36.93,36.91,36.93,187,36.92,0,78
"2015-07-14 14:47:00",36.92,36.93,36.92,36.92,34,36.921,0,17
"2015-07-14 14:47:30",36.92,36.92,36.92,36.92,2,36.92,0,1
"2015-07-14 14:48:00",36.93,36.93,36.91,36.92,170,36.92,0,83
"2015-07-14 14:48:30",36.92,36.92,36.91,36.92,167,36.913,0,50
"2015-07-14 14:49:00",36.92,36.92,36.9,36.91,57,36.909,0,34
"2015-07-14 14:49:30",36.9,36.91,36.89,36.89,233,36.897,0,113
"2015-07-14 14:50:00",36.89,36.89,36.88,36.89,133,36.883,0,54
"2015-07-14 14:50:30",36.89,36.9,36.88,36.9,266,36.887,0,132
"2015-07-14 14:51:00",36.89,36.89,36.88,36.88,151,36.883,0,68
"2015-07-14 14:51:30",36.88,36.9,36.88,36.89,341,36.892,0,106
"2015-07-14 14:52:00",36.89,36.92,36.89,36.9,360,36.907,0,161
"2015-07-14 14:52:30",36.91,36.91,36.9,36.9,114,36.905,0,61
"2015-07-14 14:53:00",36.9,36.91,36.89,36.89,145,36.899,0,55
"2015-07-14 14:53:30",36.89,36.9,36.88,36.89,106,36.883,0,35
"2015-07-14 14:54:00",36.89,36.91,36.89,36.9,150,36.899,0,69
"2015-07-14 14:54:30",36.9,36.9,36.89,36.89,27,36.891,0,11
"2015-07-14 14:55:00",36.89,36.89,36.88,36.89,69,36.889,0,27
"2015-07-14 14:55:30",36.88,36.89,36.88,36.88,36,36.881,0,26
"2015-07-14 14:56:00",36.88,36.89,36.87,36.88,172,36.875,0,50
"2015-07-14 14:56:30",36.87,36.88,36.87,36.87,121,36.872,0,58
"2015-07-14 14:57:00",36.87,36.87,36.86,36.87,339,36.862,0,27
"2015-07-14 14:57:30",36.86,36.87,36.86,36.87,197,36.861,0,110
"2015-07-14 14:58:00",36.86,36.87,36.85,36.86,133,36.86,0,73
"2015-07-14 14:58:30",36.86,36.86,36.83,36.84,130,36.847,0,70
"2015-07-14 14:59:00",36.84,36.88,36.84,36.88,517,36.865,0,231
"2015-07-14 14:59:30",36.87,36.88,36.85,36.86,356,36.86,0,174
"2015-07-14 15:00:00",36.86,36.87,36.85,36.86,263,36.861,0,66
"2015-07-14 15:00:30",36.86,36.88,36.86,36.88,80,36.873,0,40
"2015-07-14 15:01:00",36.88,36.88,36.86,36.88,145,36.872,0,80
"2015-07-14 15:01:30",36.87,36.88,36.87,36.87,42,36.875,0,23
"2015-07-14 15:02:00",36.88,36.88,36.86,36.87,95,36.871,0,42
"2015-07-14 15:02:30",36.86,36.86,36.81,36.84,974,36.83,0,326
"2015-07-14 15:03:00",36.83,36.84,36.82,36.82,161,36.829,0,57
"2015-07-14 15:03:30",36.82,36.83,36.8,36.8,905,36.81,0,324
"2015-07-14 15:04:00",36.8,36.81,36.78,36.79,888,36.795,0,229
"2015-07-14 15:04:30",36.79,36.79,36.78,36.78,349,36.784,0,102
"2015-07-14 15:05:00",36.79,36.79,36.76,36.76,862,36.775,0,191
"2015-07-14 15:05:30",36.76,36.77,36.76,36.77,215,36.762,0,83
"2015-07-14 15:06:00",36.76,36.77,36.76,36.77,124,36.767,0,69
"2015-07-14 15:06:30",36.76,36.77,36.76,36.76,63,36.768,0,21
"2015-07-14 15:07:00",36.77,36.77,36.76,36.76,106,36.765,0,38
"2015-07-14 15:07:30",36.76,36.77,36.76,36.77,247,36.763,0,88
"2015-07-14 15:08:00",36.76,36.77,36.76,36.76,114,36.763,0,43
"2015-07-14 15:08:30",36.77,36.77,36.75,36.76,160,36.762,0,90
"2015-07-14 15:09:00",36.75,36.76,36.73,36.74,563,36.743,0,240
"2015-07-14 15:09:30",36.74,36.74,36.72,36.73,363,36.735,0,160
"2015-07-14 15:10:00",36.73,36.75,36.73,36.74,284,36.737,0,178
"2015-07-14 15:10:30",36.74,36.75,36.73,36.74,178,36.74,0,71
"2015-07-14 15:11:00",36.73,36.74,36.73,36.74,30,36.735,0,13
"2015-07-14 15:11:30",36.73,36.74,36.73,36.73,16,36.735,0,12
"2015-07-14 15:12:00",36.74,36.77,36.73,36.77,530,36.751,0,298
"2015-07-14 15:12:30",36.78,36.83,36.77,36.83,465,36.793,0,221
"2015-07-14 15:13:00",36.83,36.85,36.82,36.83,376,36.84,0,192
"2015-07-14 15:13:30",36.83,36.84,36.83,36.83,99,36.833,0,36
"2015-07-14 15:14:00",36.84,36.85,36.81,36.81,219,36.831,0,94
"2015-07-14 15:14:30",36.82,36.82,36.79,36.8,289,36.803,0,96
"2015-07-14 15:15:00",36.79,36.79,36.78,36.78,52,36.787,0,28
"2015-07-14 15:15:30",36.78,36.79,36.78,36.78,48,36.781,0,13
"2015-07-14 15:16:00",36.79,36.82,36.79,36.81,479,36.803,0,214
"2015-07-14 15:16:30",36.81,36.82,36.81,36.81,60,36.818,0,25
"2015-07-14 15:17:00",36.81,36.81,36.8,36.8,95,36.806,0,65
"2015-07-14 15:17:30",36.8,36.81,36.79,36.79,66,36.797,0,43
"2015-07-14 15:18:00",36.79,36.8,36.78,36.78,164,36.79,0,78
"2015-07-14 15:18:30",36.79,36.79,36.77,36.77,95,36.779,0,44
"2015-07-14 15:19:00",36.77,36.77,36.76,36.77,152,36.765,0,59
"2015-07-14 15:19:30",36.76,36.79,36.76,36.78,400,36.78,0,160
"2015-07-14 15:20:00",36.79,36.79,36.77,36.77,254,36.772,0,95
"2015-07-14 15:20:30",36.77,36.78,36.75,36.76,207,36.76,0,88
"2015-07-14 15:21:00",36.76,36.76,36.75,36.76,184,36.759,0,79
"2015-07-14 15:21:30",36.75,36.76,36.74,36.74,157,36.754,0,46
"2015-07-14 15:22:00",36.75,36.75,36.71,36.72,680,36.73,0,249
"2015-07-14 15:22:30",36.71,36.73,36.71,36.71,325,36.721,0,130
"2015-07-14 15:23:00",36.71,36.72,36.69,36.69,289,36.703,0,88
"2015-07-14 15:23:30",36.69,36.71,36.69,36.71,257,36.697,0,82
"2015-07-14 15:24:00",36.7,36.73,36.7,36.72,439,36.716,0,196
"2015-07-14 15:24:30",36.72,36.72,36.7,36.71,156,36.709,0,67
"2015-07-14 15:25:00",36.72,36.72,36.69,36.69,278,36.705,0,67
"2015-07-14 15:25:30",36.69,36.7,36.65,36.66,502,36.683,0,113
"2015-07-14 15:26:00",36.65,36.67,36.65,36.66,489,36.658,0,144
"2015-07-14 15:26:30",36.66,36.68,36.64,36.67,810,36.661,0,297
"2015-07-14 15:27:00",36.67,36.71,36.66,36.71,481,36.689,0,233
"2015-07-14 15:27:30",36.72,36.75,36.71,36.75,145,36.729,0,82
"2015-07-14 15:28:00",36.74,36.75,36.72,36.72,296,36.736,0,110
"2015-07-14 15:28:30",36.72,36.73,36.7,36.71,207,36.715,0,116
"2015-07-14 15:29:00",36.72,36.73,36.71,36.73,170,36.723,0,98
"2015-07-14 15:29:30",36.74,36.77,36.72,36.77,149,36.753,0,106
"2015-07-14 15:30:00",36.76,36.77,36.76,36.77,78,36.765,0,30
"2015-07-14 15:30:30",36.77,36.78,36.76,36.78,470,36.769,0,222
"2015-07-14 15:31:00",36.78,36.79,36.75,36.75,394,36.769,0,180
"2015-07-14 15:31:30",36.75,36.75,36.73,36.74,169,36.739,0,84
"2015-07-14 15:32:00",36.73,36.74,36.7,36.71,202,36.717,0,98
"2015-07-14 15:32:30",36.71,36.72,36.69,36.7,209,36.705,0,93
"2015-07-14 15:33:00",36.69,36.71,36.68,36.7,359,36.692,0,193
"2015-07-14 15:33:30",36.71,36.71,36.68,36.71,306,36.695,0,124
"2015-07-14 15:34:00",36.71,36.72,36.7,36.71,285,36.714,0,153
"2015-07-14 15:34:30",36.71,36.72,36.71,36.71,21,36.71,0,14
"2015-07-14 15:35:00",36.71,36.72,36.68,36.69,378,36.696,0,136
"2015-07-14 15:35:30",36.69,36.73,36.69,36.72,484,36.712,0,228
"2015-07-14 15:36:00",36.72,36.72,36.71,36.72,128,36.713,0,58
"2015-07-14 15:36:30",36.71,36.72,36.71,36.71,44,36.717,0,15
"2015-07-14 15:37:00",36.71,36.72,36.71,36.71,23,36.713,0,14
"2015-07-14 15:37:30",36.71,36.72,36.71,36.71,72,36.711,0,28
"2015-07-14 15:38:00",36.71,36.71,36.7,36.7,263,36.709,0,119
"2015-07-14 15:38:30",36.71,36.71,36.7,36.71,81,36.705,0,48
"2015-07-14 15:39:00",36.7,36.71,36.7,36.7,95,36.704,0,61
"2015-07-14 15:39:30",36.7,36.71,36.7,36.71,56,36.703,0,28
"2015-07-14 15:40:00",36.7,36.78,36.7,36.78,941,36.736,0,555
"2015-07-14 15:40:30",36.78,36.84,36.77,36.84,681,36.813,0,317
"2015-07-14 15:41:00",36.84,36.86,36.83,36.83,514,36.845,0,229
"2015-07-14 15:41:30",36.83,36.84,36.77,36.78,638,36.8,0,237
"2015-07-14 15:42:00",36.78,36.79,36.77,36.79,188,36.78,0,104
"2015-07-14 15:42:30",36.78,36.79,36.77,36.77,132,36.777,0,57
"2015-07-14 15:43:00",36.77,36.79,36.77,36.79,213,36.776,0,77
"2015-07-14 15:43:30",36.79,36.79,36.77,36.77,149,36.779,0,64
"2015-07-14 15:44:00",36.77,36.78,36.76,36.77,317,36.768,0,153
"2015-07-14 15:44:30",36.77,36.78,36.75,36.75,256,36.76,0,124
"2015-07-14 15:45:00",36.76,36.76,36.73,36.73,337,36.74,0,189
"2015-07-14 15:45:30",36.73,36.74,36.73,36.73,198,36.734,0,98
"2015-07-14 15:46:00",36.73,36.74,36.7,36.71,389,36.72,0,201
"2015-07-14 15:46:30",36.71,36.72,36.7,36.7,231,36.709,0,161
"2015-07-14 15:47:00",36.7,36.71,36.69,36.7,404,36.701,0,119
"2015-07-14 15:47:30",36.7,36.7,36.68,36.69,280,36.689,0,163
"2015-07-14 15:48:00",36.69,36.71,36.68,36.69,813,36.698,0,411
"2015-07-14 15:48:30",36.7,36.71,36.69,36.69,329,36.701,0,198
"2015-07-14 15:49:00",36.7,36.7,36.67,36.68,365,36.683,0,230
"2015-07-14 15:49:30",36.69,36.69,36.68,36.68,281,36.686,0,128
"2015-07-14 15:50:00",36.69,36.69,36.68,36.69,172,36.682,0,114
"2015-07-14 15:50:30",36.68,36.73,36.68,36.73,619,36.696,0,425
"2015-07-14 15:51:00",36.73,36.75,36.72,36.73,353,36.737,0,158
"2015-07-14 15:51:30",36.73,36.74,36.72,36.72,508,36.73,0,251
"2015-07-14 15:52:00",36.73,36.74,36.72,36.73,430,36.728,0,206
"2015-07-14 15:52:30",36.73,36.78,36.72,36.75,1049,36.746,0,467
"2015-07-14 15:53:00",36.75,36.76,36.75,36.75,197,36.752,0,114
"2015-07-14 15:53:30",36.75,36.76,36.72,36.73,560,36.737,0,331
"2015-07-14 15:54:00",36.73,36.74,36.72,36.73,362,36.731,0,223
"2015-07-14 15:54:30",36.73,36.74,36.72,36.73,270,36.73,0,186
"2015-07-14 15:55:00",36.74,36.74,36.73,36.73,284,36.734,0,116
"2015-07-14 15:55:30",36.73,36.74,36.73,36.74,154,36.733,0,105
"2015-07-14 15:56:00",36.73,36.74,36.73,36.73,288,36.735,0,154
"2015-07-14 15:56:30",36.73,36.74,36.71,36.72,684,36.719,0,291
"2015-07-14 15:57:00",36.71,36.72,36.69,36.69,582,36.702,0,309
"2015-07-14 15:57:30",36.69,36.71,36.68,36.69,892,36.697,0,341
"2015-07-14 15:58:00",36.69,36.7,36.68,36.7,694,36.692,0,266
"2015-07-14 15:58:30",36.69,36.71,36.69,36.71,957,36.702,0,483
"2015-07-14 15:59:00",36.71,36.73,36.7,36.71,1685,36.716,0,546
"2015-07-14 15:59:30",36.71,36.72,36.7,36.7,1178,36.706,0,368
